{
   "Energy" : {
      "Max Energy" : 0.04926108196377754,
      "Min Energy" : 0.009999999776482582
   },
   "Mel Bands" : {
      "Enabled" : true,
      "Number of Bands" : 4
   },
   "Onsets" : {
      "Alpha" : 0.09852216392755508,
      "Silence Threshold" : 0.09852216392755508
   },
   "Pitch" : {
      "Ascending Descending Analysis Size" : 20,
      "Max MIDI Note" : 90.64039611816406,
      "Min MIDI Note" : 80.78817749023438
   },
   "Silence" : {
      "Enabled" : true,
      "Queue Length (ms)" : 50,
      "Threshold (ms)" : 0.009999999776482582
   },
   "Smoothing" : {
      "Delta" : 0.009852216579020023
   }
}

