{
   "Energy" : {
      "Max Energy" : 0.450738906860352,
      "Min Energy" : 0.009999999776482582
   },
   "Mel Bands" : {
      "Enabled" : true,
      "Number of Bands" : 4
   },
   "Onsets" : {
      "Alpha" : 0.1000000014901161,
      "Silence Threshold" : 1
   },
   "Pitch" : {
      "Max MIDI Note" : 48,
      "Min MIDI Note" : 42
   },
   "Silence" : {
      "Enabled" : true,
      "Queue Length (ms)" : 50,
      "Threshold (ms)" : 0.009999999776482582
   },
   "Smoothing" : {
      "Delta" : 9.999999747378752e-05
   }
}

