{
   "Energy" : {
      "Max Energy" : 0.04926108196377754,
      "Min Energy" : 0.009999999776482582
   },
   "Mel Bands" : {
      "Enabled" : true,
      "Number of Bands" : 4
   },
   "Onsets" : {
      "Alpha" : 0.09852216392755508,
      "Silence Threshold" : 0.09852216392755508
   },
   "Pitch" : {
      "Max MIDI Note" : 50.73891830444336,
      "Min MIDI Note" : 30.04926109313965
   },
   "Silence" : {
      "Enabled" : true,
      "Queue Length (ms)" : 50,
      "Threshold (ms)" : 0.009999999776482582
   },
   "Smoothing" : {
      "Delta" : 0.009852216579020023
   }
}

