{
   "Energy" : {
      "Max Energy" : 0.09852216392755508,
      "Min Energy" : 0.009999999776482582
   },
   "Mel Bands" : {
      "Enabled" : true,
      "Number of Bands" : 4
   },
   "Onsets" : {
      "Alpha" : 0.1000000014901161,
      "Silence Threshold" : 1
   },
   "Pitch" : {
      "Max MIDI Note" : 90.63546752929688,
      "Min MIDI Note" : 80.64532089233398
   },
   "Silence" : {
      "Enabled" : true,
      "Queue Length (ms)" : 50,
      "Threshold (ms)" : 0.009999999776482582
   },
   "Smoothing" : {
      "Delta" : 0.05911330133676529
   }
}

